Date(UTC+8),Trading pair,Direction,Price,Amount,Total,Fee,Fee coin,Order ID
2026-04-01 13:00:00,rSPY/USDT,Buy,651.9752,1.510596,"984.87",0.00151060,rSPY,100000
2026-04-02 05:00:00,rTSLA/USDT,Buy,381.0943,1.929213,"735.21",0.00192921,rTSLA,100001
2026-04-02 10:00:00,rTSLA/USDT,Sell,374.2062,1.929213,"721.92",0.721924,USDT,100002
2026-04-02 22:00:00,rCOIN/USDT,Buy,165.7923,5.073517,"841.15",0.00507352,rCOIN,100003
2026-04-03 07:00:00,rCOIN/USDT,Sell,171.5038,5.073517,"870.13",0.870127,USDT,100004
2026-04-06 08:00:00,rSPY/USDT,Sell,655.9724,1.510596,"990.91",0.990910,USDT,100005
2026-04-06 23:00:00,rPLTR/USDT,Buy,149.1442,7.329084,"1093.09",0.00732908,rPLTR,100006
2026-04-07 17:00:00,rPLTR/USDT,Sell,147.3558,7.329084,"1079.98",1.079983,USDT,100007
2026-04-07 22:00:00,rPLTR/USDT,Buy,145.9899,8.897814,"1298.99",0.00889781,rPLTR,100008
2026-04-09 03:00:00,rPLTR/USDT,Sell,141.0614,8.897814,"1255.14",1.255138,USDT,100009
2026-04-09 08:00:00,rCOIN/USDT,Buy,174.0709,5.749127,"1000.76",0.00574913,rCOIN,100010
2026-04-09 22:00:00,rTSLA/USDT,Buy,338.8364,2.859495,"968.90",0.00285950,rTSLA,100011
2026-04-10 06:00:00,rTSLA/USDT,Sell,345.4102,2.859495,"987.70",0.987699,USDT,100012
2026-04-13 08:00:00,rCOIN/USDT,Sell,163.6030,5.749127,"940.57",0.940575,USDT,100013
2026-04-13 14:00:00,rCOIN/USDT,Buy,163.4950,9.128113,"1492.40",0.00912811,rCOIN,100014
2026-04-15 11:00:00,rCOIN/USDT,Sell,185.5583,9.128113,"1693.80",1.693797,USDT,100015
2026-04-17 18:00:00,rTSLA/USDT,Buy,389.7867,1.977269,"770.71",0.00197727,rTSLA,100016
2026-04-20 08:00:00,rTSLA/USDT,Sell,400.9040,1.977269,"792.69",0.792695,USDT,100017
2026-04-20 15:00:00,rPLTR/USDT,Buy,144.6670,9.980810,"1443.89",0.00998081,rPLTR,100018
2026-04-21 04:00:00,rPLTR/USDT,Sell,145.6497,9.980810,"1453.70",1.453702,USDT,100019
2026-04-21 06:00:00,rPLTR/USDT,Buy,145.8763,7.392760,"1078.43",0.00739276,rPLTR,100020
2026-04-21 15:00:00,rPLTR/USDT,Sell,146.6991,7.392760,"1084.51",1.084511,USDT,100021
2026-04-23 22:00:00,rSPY/USDT,Buy,710.2118,0.743976,"528.38",0.00074398,rSPY,100022
2026-04-24 13:00:00,rPLTR/USDT,Buy,142.5724,5.418283,"772.50",0.00541828,rPLTR,100023
2026-04-24 14:00:00,rSPY/USDT,Sell,709.6536,0.743976,"527.97",0.527965,USDT,100024
2026-04-24 16:00:00,rTSLA/USDT,Buy,375.1444,4.732431,"1775.34",0.00473243,rTSLA,100025
2026-04-27 08:00:00,rPLTR/USDT,Sell,142.1436,5.418283,"770.17",0.770174,USDT,100026
2026-04-27 08:00:00,rTSLA/USDT,Sell,374.9564,4.732431,"1774.46",1.774455,USDT,100027
2026-04-27 10:00:00,rSPY/USDT,Buy,715.5182,2.304037,"1648.58",0.00230404,rSPY,100028
2026-04-27 13:00:00,rPLTR/USDT,Buy,142.2739,14.083266,"2003.68",0.01408327,rPLTR,100029
2026-04-27 20:00:00,rSPY/USDT,Sell,713.7301,2.304037,"1644.46",1.644460,USDT,100030
2026-04-28 00:00:00,rPLTR/USDT,Sell,143.2612,14.083266,"2017.59",2.017585,USDT,100031
2026-04-28 00:00:00,rSPY/USDT,Buy,713.5925,1.550806,"1106.64",0.00155081,rSPY,100032
2026-04-29 02:00:00,rSPY/USDT,Sell,710.8405,1.550806,"1102.38",1.102375,USDT,100033
2026-04-30 12:00:00,rSPY/USDT,Buy,712.1543,1.577411,"1123.36",0.00157741,rSPY,100034
2026-04-30 18:00:00,rSPY/USDT,Sell,711.8494,1.577411,"1122.88",1.122879,USDT,100035
2026-05-04 20:00:00,rTSLA/USDT,Buy,390.9011,2.440866,"954.14",0.00244087,rTSLA,100036
2026-05-05 09:00:00,rTSLA/USDT,Sell,392.2492,2.440866,"957.43",0.957428,USDT,100037
2026-05-06 00:00:00,rCOIN/USDT,Buy,197.1448,5.310550,"1046.95",0.00531055,rCOIN,100038
2026-05-06 04:00:00,rCOIN/USDT,Sell,197.6620,5.310550,"1049.69",1.049694,USDT,100039
2026-05-12 05:00:00,rPLTR/USDT,Buy,136.0516,7.894689,"1074.08",0.00789469,rPLTR,100040
2026-05-13 08:00:00,rPLTR/USDT,Sell,136.4390,7.894689,"1077.14",1.077144,USDT,100041
2026-05-14 05:00:00,rPLTR/USDT,Buy,130.1722,8.329244,"1084.24",0.00832924,rPLTR,100042
2026-05-14 10:00:00,rPLTR/USDT,Sell,130.0899,8.329244,"1083.55",1.083551,USDT,100043
2026-05-14 11:00:00,rTSLA/USDT,Buy,446.1364,4.131368,"1843.15",0.00413137,rTSLA,100044
2026-05-15 13:00:00,rTSLA/USDT,Sell,435.5700,4.131368,"1799.50",1.799500,USDT,100045
2026-05-15 16:00:00,rTSLA/USDT,Buy,434.7284,4.280793,"1860.98",0.00428079,rTSLA,100046
2026-05-18 08:00:00,rTSLA/USDT,Sell,418.1088,4.280793,"1789.84",1.789837,USDT,100047
2026-05-18 13:00:00,rTSLA/USDT,Buy,415.7931,5.725595,"2380.66",0.00572559,rTSLA,100048
2026-05-18 14:00:00,rTSLA/USDT,Sell,414.9561,5.725595,"2375.87",2.375870,USDT,100049
2026-05-18 17:00:00,rTSLA/USDT,Buy,419.7756,3.596104,"1509.56",0.00359610,rTSLA,100050
2026-05-19 10:00:00,rSPY/USDT,Buy,737.7869,1.280821,"944.97",0.00128082,rSPY,100051
2026-05-19 14:00:00,rPLTR/USDT,Buy,133.6890,10.287209,"1375.29",0.01028721,rPLTR,100052
2026-05-19 16:00:00,rSPY/USDT,Sell,737.9444,1.280821,"945.17",0.945175,USDT,100053
2026-05-19 20:00:00,rSPY/USDT,Buy,735.5050,1.173993,"863.48",0.00117399,rSPY,100054
2026-05-20 14:00:00,rSPY/USDT,Sell,733.6669,1.173993,"861.32",0.861320,USDT,100055
2026-05-20 20:00:00,rCOIN/USDT,Buy,196.0677,7.305473,"1432.37",0.00730547,rCOIN,100056
2026-05-20 23:00:00,rTSLA/USDT,Sell,411.7367,3.596104,"1480.65",1.480648,USDT,100057
2026-05-20 23:00:00,rPLTR/USDT,Sell,136.2622,10.287209,"1401.76",1.401757,USDT,100058
2026-05-21 00:00:00,rTSLA/USDT,Buy,412.5638,3.082608,"1271.77",0.00308261,rTSLA,100059
2026-05-21 06:00:00,rCOIN/USDT,Sell,191.4910,7.305473,"1398.93",1.398933,USDT,100060
2026-05-21 09:00:00,rPLTR/USDT,Buy,136.0608,9.989107,"1359.13",0.00998911,rPLTR,100061
2026-05-21 11:00:00,rSPY/USDT,Buy,740.2231,2.545431,"1884.19",0.00254543,rSPY,100062
2026-05-21 17:00:00,rTSLA/USDT,Sell,423.4215,3.082608,"1305.24",1.305243,USDT,100063
2026-05-21 23:00:00,rPLTR/USDT,Sell,138.2862,9.989107,"1381.36",1.381356,USDT,100064
2026-05-22 11:00:00,rSPY/USDT,Sell,744.7424,2.545431,"1895.69",1.895691,USDT,100065
2026-05-26 10:00:00,rCOIN/USDT,Buy,186.8323,4.952967,"925.37",0.00495297,rCOIN,100066
2026-05-26 12:00:00,rTSLA/USDT,Buy,428.8483,1.209043,"518.50",0.00120904,rTSLA,100067
2026-05-27 01:00:00,rPLTR/USDT,Buy,137.2468,7.317904,"1004.36",0.00731790,rPLTR,100068
2026-05-27 05:00:00,rTSLA/USDT,Sell,433.3282,1.209043,"523.91",0.523913,USDT,100069
2026-05-27 14:00:00,rPLTR/USDT,Sell,135.0828,7.317904,"988.52",0.988523,USDT,100070
2026-05-27 16:00:00,rCOIN/USDT,Sell,181.2090,4.952967,"897.52",0.897522,USDT,100071
2026-05-27 17:00:00,rSPY/USDT,Buy,752.5117,2.379866,"1790.88",0.00237987,rSPY,100072
2026-05-27 18:00:00,rPLTR/USDT,Buy,134.5351,10.397488,"1398.83",0.01039749,rPLTR,100073
2026-05-28 04:00:00,rPLTR/USDT,Sell,132.5037,10.397488,"1377.71",1.377705,USDT,100074
2026-05-28 07:00:00,rPLTR/USDT,Buy,133.0723,18.960404,"2523.11",0.01896040,rPLTR,100075
2026-05-28 22:00:00,rPLTR/USDT,Sell,137.9581,18.960404,"2615.74",2.615742,USDT,100076
2026-05-29 08:00:00,rCOIN/USDT,Buy,182.4155,3.977203,"725.50",0.00397720,rCOIN,100077
2026-05-30 00:00:00,rPLTR/USDT,Buy,156.8774,5.456822,"856.05",0.00545682,rPLTR,100078
2026-05-30 04:00:00,rSPY/USDT,Sell,756.0293,2.379866,"1799.25",1.799248,USDT,100079
2026-06-01 08:00:00,rCOIN/USDT,Sell,190.7262,3.977203,"758.56",0.758557,USDT,100080
2026-06-01 08:00:00,rPLTR/USDT,Sell,157.4439,5.456822,"859.14",0.859143,USDT,100081
2026-06-03 21:00:00,rTSLA/USDT,Buy,419.9805,1.742494,"731.81",0.00174249,rTSLA,100082
2026-06-04 00:00:00,rSPY/USDT,Buy,755.3082,1.021511,"771.56",0.00102151,rSPY,100083
2026-06-04 03:00:00,rTSLA/USDT,Sell,422.8070,1.742494,"736.74",0.736739,USDT,100084
2026-06-04 07:00:00,rCOIN/USDT,Buy,162.4736,4.371020,"710.18",0.00437102,rCOIN,100085
2026-06-04 09:00:00,rCOIN/USDT,Sell,160.5313,4.371020,"701.69",0.701685,USDT,100086
2026-06-04 10:00:00,rTSLA/USDT,Buy,422.8915,3.022523,"1278.20",0.00302252,rTSLA,100087
2026-06-04 23:00:00,rSPY/USDT,Sell,753.8563,1.021511,"770.07",0.770073,USDT,100088
2026-06-05 03:00:00,rPLTR/USDT,Buy,141.8166,6.613870,"937.96",0.00661387,rPLTR,100089
2026-06-05 19:00:00,rTSLA/USDT,Sell,419.0108,3.022523,"1266.47",1.266469,USDT,100090
2026-06-06 01:00:00,rTSLA/USDT,Buy,397.7826,5.154710,"2050.45",0.00515471,rTSLA,100091
2026-06-08 08:00:00,rPLTR/USDT,Sell,134.9995,6.613870,"892.87",0.892869,USDT,100092
2026-06-08 08:00:00,rTSLA/USDT,Sell,392.5870,5.154710,"2023.67",2.023672,USDT,100093
2026-06-11 23:00:00,rPLTR/USDT,Buy,128.1561,7.109074,"911.07",0.00710907,rPLTR,100094
2026-06-15 08:00:00,rPLTR/USDT,Sell,130.6437,7.109074,"928.76",0.928756,USDT,100095
2026-06-15 20:00:00,rTSLA/USDT,Buy,412.0151,1.791797,"738.25",0.00179180,rTSLA,100096
2026-06-16 10:00:00,rTSLA/USDT,Sell,404.5211,1.791797,"724.82",0.724820,USDT,100097
2026-06-16 11:00:00,rTSLA/USDT,Buy,404.1443,2.663015,"1076.24",0.00266301,rTSLA,100098
2026-06-16 13:00:00,rTSLA/USDT,Sell,403.8740,2.663015,"1075.52",1.075522,USDT,100099
2026-06-16 13:00:00,rTSLA/USDT,Buy,404.1405,4.588122,"1854.25",0.00458812,rTSLA,100100
2026-06-17 06:00:00,rTSLA/USDT,Sell,403.7308,4.588122,"1852.37",1.852366,USDT,100101
2026-06-17 10:00:00,rCOIN/USDT,Buy,170.7737,12.979273,"2216.52",0.01297927,rCOIN,100102
2026-06-17 10:00:00,rTSLA/USDT,Buy,403.8446,2.388375,"964.53",0.00238838,rTSLA,100103
2026-06-18 08:00:00,rTSLA/USDT,Sell,397.5738,2.388375,"949.56",0.949556,USDT,100104
2026-06-18 09:00:00,rTSLA/USDT,Buy,399.1985,6.442580,"2571.87",0.00644258,rTSLA,100105
2026-06-18 22:00:00,rCOIN/USDT,Sell,164.4771,12.979273,"2134.79",2.134793,USDT,100106
2026-06-18 23:00:00,rCOIN/USDT,Buy,169.3068,6.941213,"1175.19",0.00694121,rCOIN,100107
2026-06-19 04:00:00,rSPY/USDT,Buy,747.5091,1.338227,"1000.34",0.00133823,rSPY,100108
2026-06-20 09:00:00,rTSLA/USDT,Sell,400.4449,6.442580,"2579.90",2.579899,USDT,100109
2026-06-21 23:00:00,rTSLA/USDT,Buy,404.4606,2.058937,"832.76",0.00205894,rTSLA,100110
2026-06-22 08:00:00,rCOIN/USDT,Sell,163.1999,6.941213,"1132.81",1.132805,USDT,100111
2026-06-22 08:00:00,rSPY/USDT,Sell,746.9514,1.338227,"999.59",0.999591,USDT,100112
2026-06-22 11:00:00,rTSLA/USDT,Sell,395.0478,2.058937,"813.38",0.813379,USDT,100113
2026-06-22 13:00:00,rTSLA/USDT,Buy,393.1489,4.381990,"1722.77",0.00438199,rTSLA,100114
2026-06-22 14:00:00,rCOIN/USDT,Buy,164.1708,8.979689,"1474.20",0.00897969,rCOIN,100115
2026-06-22 18:00:00,rTSLA/USDT,Sell,394.5810,4.381990,"1729.05",1.729050,USDT,100116
2026-06-23 03:00:00,rCOIN/USDT,Sell,163.2773,8.979689,"1466.18",1.466179,USDT,100117
2026-06-23 06:00:00,rTSLA/USDT,Buy,404.7004,4.738346,"1917.61",0.00473835,rTSLA,100118
2026-06-23 14:00:00,rTSLA/USDT,Sell,396.7640,4.738346,"1880.00",1.880005,USDT,100119
2026-06-23 15:00:00,rCOIN/USDT,Buy,159.1433,13.973082,"2223.72",0.01397308,rCOIN,100120
2026-06-24 08:00:00,rPLTR/USDT,Buy,116.5654,10.360725,"1207.70",0.01036073,rPLTR,100121
2026-06-25 01:00:00,rCOIN/USDT,Sell,150.2735,13.973082,"2099.78",2.099784,USDT,100122
2026-06-25 01:00:00,rPLTR/USDT,Sell,113.3151,10.360725,"1174.03",1.174027,USDT,100123
2026-06-25 04:00:00,rCOIN/USDT,Buy,150.1678,12.590439,"1890.68",0.01259044,rCOIN,100124
2026-06-25 06:00:00,rTSLA/USDT,Buy,378.5136,2.537294,"960.40",0.00253729,rTSLA,100125
2026-06-25 07:00:00,rSPY/USDT,Buy,736.8196,2.084458,"1535.87",0.00208446,rSPY,100126
2026-06-25 11:00:00,rTSLA/USDT,Sell,374.5622,2.537294,"950.37",0.950374,USDT,100127
2026-06-25 12:00:00,rTSLA/USDT,Buy,374.5698,4.878265,"1827.25",0.00487827,rTSLA,100128
2026-06-25 20:00:00,rTSLA/USDT,Sell,376.0561,4.878265,"1834.50",1.834501,USDT,100129
2026-06-26 12:00:00,rCOIN/USDT,Sell,142.9280,12.590439,"1799.53",1.799526,USDT,100130
2026-06-26 14:00:00,rCOIN/USDT,Buy,142.5208,26.217695,"3736.57",0.02621770,rCOIN,100131
2026-06-26 18:00:00,rTSLA/USDT,Buy,370.7600,2.073667,"768.83",0.00207367,rTSLA,100132
2026-06-27 01:00:00,rTSLA/USDT,Sell,385.2831,2.073667,"798.95",0.798949,USDT,100133
2026-06-27 09:00:00,rTSLA/USDT,Buy,378.1472,2.754182,"1041.49",0.00275418,rTSLA,100134
2026-06-28 19:00:00,rTSLA/USDT,Sell,381.0488,2.754182,"1049.48",1.049478,USDT,100135
2026-06-29 08:00:00,rCOIN/USDT,Sell,149.9685,26.217695,"3931.83",3.931827,USDT,100136
2026-07-02 00:00:00,rPLTR/USDT,Buy,127.5029,8.415590,"1073.01",0.00841559,rPLTR,100137
2026-07-02 07:00:00,rPLTR/USDT,Sell,125.3195,8.415590,"1054.64",1.054638,USDT,100138
2026-07-02 12:00:00,rPLTR/USDT,Buy,126.0358,17.851279,"2249.90",0.01785128,rPLTR,100139
2026-07-03 08:00:00,rSPY/USDT,Sell,745.5066,2.084458,"1553.98",1.553977,USDT,100140
2026-07-04 00:00:00,rPLTR/USDT,Sell,129.6767,17.851279,"2314.90",2.314895,USDT,100141
2026-07-07 09:00:00,rTSLA/USDT,Buy,415.8873,2.103901,"874.99",0.00210390,rTSLA,100142
2026-07-07 13:00:00,rTSLA/USDT,Sell,412.9294,2.103901,"868.76",0.868763,USDT,100143
2026-07-07 17:00:00,rTSLA/USDT,Buy,414.2795,4.054139,"1679.55",0.00405414,rTSLA,100144
2026-07-07 23:00:00,rSPY/USDT,Buy,746.6769,1.242950,"928.08",0.00124295,rSPY,100145
2026-07-08 05:00:00,rCOIN/USDT,Buy,163.5796,8.854340,"1448.39",0.00885434,rCOIN,100146
2026-07-08 11:00:00,rTSLA/USDT,Sell,403.5076,4.054139,"1635.88",1.635876,USDT,100147
2026-07-08 13:00:00,rCOIN/USDT,Sell,162.4614,8.854340,"1438.49",1.438488,USDT,100148
2026-07-08 14:00:00,rTSLA/USDT,Buy,402.0168,6.134177,"2466.04",0.00613418,rTSLA,100149
2026-07-08 14:00:00,rPLTR/USDT,Buy,133.6124,8.744870,"1168.42",0.00874487,rPLTR,100150
2026-07-08 19:00:00,rCOIN/USDT,Buy,158.7263,8.979333,"1425.26",0.00897933,rCOIN,100151
2026-07-08 20:00:00,rPLTR/USDT,Sell,130.9813,8.744870,"1145.41",1.145414,USDT,100152
2026-07-09 02:00:00,rPLTR/USDT,Buy,129.9758,11.912704,"1548.36",0.01191270,rPLTR,100153
2026-07-09 16:00:00,rCOIN/USDT,Sell,160.1681,8.979333,"1438.20",1.438202,USDT,100154
2026-07-10 02:00:00,rTSLA/USDT,Sell,404.9071,6.134177,"2483.77",2.483772,USDT,100155
2026-07-10 05:00:00,rPLTR/USDT,Sell,128.4201,11.912704,"1529.83",1.529831,USDT,100156
2026-07-10 10:00:00,rPLTR/USDT,Buy,128.4577,9.071131,"1165.26",0.00907113,rPLTR,100157
2026-07-10 13:00:00,rSPY/USDT,Sell,750.3938,1.242950,"932.70",0.932702,USDT,100158
2026-07-11 03:00:00,rPLTR/USDT,Sell,126.4889,9.071131,"1147.40",1.147397,USDT,100159
2026-07-11 04:00:00,rSPY/USDT,Buy,754.9302,1.882816,"1421.39",0.00188282,rSPY,100160
2026-07-11 13:00:00,rTSLA/USDT,Buy,406.1879,1.739157,"706.42",0.00173916,rTSLA,100161
2026-07-12 08:00:00,rTSLA/USDT,Sell,404.2059,1.739157,"702.98",0.702978,USDT,100162
2026-07-12 08:00:00,rTSLA/USDT,Buy,404.3083,1.649800,"667.03",0.00164980,rTSLA,100163
2026-07-13 08:00:00,rSPY/USDT,Sell,753.4239,1.882816,"1418.56",1.418559,USDT,100164
2026-07-13 13:00:00,rTSLA/USDT,Sell,399.2537,1.649800,"658.69",0.658689,USDT,100165
2026-07-13 14:00:00,rSPY/USDT,Buy,750.9905,3.138604,"2357.06",0.00313860,rSPY,100166
2026-07-13 23:00:00,rSPY/USDT,Sell,752.5311,3.138604,"2361.90",2.361897,USDT,100167
2026-07-14 08:00:00,rPLTR/USDT,Buy,129.1457,7.103115,"917.34",0.00710311,rPLTR,100168
2026-07-14 15:00:00,rPLTR/USDT,Sell,128.8865,7.103115,"915.50",0.915495,USDT,100169
2026-07-14 17:00:00,rCOIN/USDT,Buy,157.7940,9.829607,"1551.05",0.00982961,rCOIN,100170
2026-07-15 00:00:00,rTSLA/USDT,Buy,396.6856,2.745051,"1088.92",0.00274505,rTSLA,100171
2026-07-15 04:00:00,rSPY/USDT,Buy,752.2934,1.264870,"951.55",0.00126487,rSPY,100172
2026-07-15 14:00:00,rSPY/USDT,Sell,753.8717,1.264870,"953.55",0.953550,USDT,100173
2026-07-15 23:00:00,rTSLA/USDT,Sell,395.7342,2.745051,"1086.31",1.086311,USDT,100174
2026-07-16 02:00:00,rTSLA/USDT,Buy,399.0869,8.462405,"3377.23",0.00846240,rTSLA,100175
2026-07-17 14:00:00,rCOIN/USDT,Sell,157.0553,9.829607,"1543.79",1.543791,USDT,100176
2026-07-17 14:00:00,rTSLA/USDT,Sell,384.8910,8.462405,"3257.10",3.257103,USDT,100177
2026-07-17 19:00:00,rTSLA/USDT,Buy,384.5785,3.448019,"1326.03",0.00344802,rTSLA,100178
2026-07-17 19:00:00,rCOIN/USDT,Buy,155.3021,15.191495,"2359.27",0.01519149,rCOIN,100179
2026-07-17 22:00:00,rPLTR/USDT,Buy,130.9672,8.628977,"1130.11",0.00862898,rPLTR,100180
2026-07-18 00:00:00,rPLTR/USDT,Sell,131.5358,8.628977,"1135.02",1.135019,USDT,100181
2026-07-18 11:00:00,rTSLA/USDT,Sell,379.9922,3.448019,"1310.22",1.310220,USDT,100182
2026-07-20 08:00:00,rCOIN/USDT,Sell,159.3722,15.191495,"2421.10",2.421102,USDT,100183
2026-07-21 15:00:00,rTSLA/USDT,Buy,374.2672,2.511740,"940.06",0.00251174,rTSLA,100184
2026-07-21 19:00:00,rTSLA/USDT,Sell,373.0741,2.511740,"937.07",0.937065,USDT,100185
2026-07-23 13:00:00,rCOIN/USDT,Buy,167.8845,3.981047,"668.36",0.00398105,rCOIN,100186
2026-07-24 06:00:00,rTSLA/USDT,Buy,323.8266,2.849251,"922.66",0.00284925,rTSLA,100187
2026-07-25 19:00:00,rSPY/USDT,Buy,739.7089,1.281564,"947.98",0.00128156,rSPY,100188
2026-07-25 23:00:00,rTSLA/USDT,Sell,311.3781,2.849251,"887.19",0.887194,USDT,100189
2026-07-26 01:00:00,rTSLA/USDT,Buy,311.4942,2.574635,"801.98",0.00257464,rTSLA,100190
2026-07-26 07:00:00,rTSLA/USDT,Sell,311.7295,2.574635,"802.59",0.802590,USDT,100191
2026-07-26 07:00:00,rTSLA/USDT,Buy,311.8833,5.729162,"1786.83",0.00572916,rTSLA,100192
2026-07-26 09:00:00,rPLTR/USDT,Buy,122.7287,23.048851,"2828.76",0.02304885,rPLTR,100193
2026-07-27 08:00:00,rCOIN/USDT,Sell,162.4741,3.981047,"646.82",0.646817,USDT,100194
2026-07-27 12:00:00,rCOIN/USDT,Buy,161.4969,10.630782,"1716.84",0.01063078,rCOIN,100195
2026-07-27 13:00:00,rSPY/USDT,Sell,744.4066,1.281564,"954.00",0.954004,USDT,100196
2026-07-27 20:00:00,rTSLA/USDT,Sell,315.7238,5.729162,"1808.83",1.808833,USDT,100197
2026-07-28 15:00:00,rTSLA/USDT,Buy,304.5375,5.179210,"1577.26",0.00517921,rTSLA,100198
2026-07-29 09:00:00,rCOIN/USDT,Sell,167.8084,10.630782,"1783.93",1.783934,USDT,100199
2026-07-30 02:00:00,rTSLA/USDT,Sell,303.1976,5.179210,"1570.32",1.570324,USDT,100200
2026-07-30 03:00:00,rCOIN/USDT,Buy,166.2051,8.691719,"1444.61",0.00869172,rCOIN,100201
2026-07-30 04:00:00,rTSLA/USDT,Buy,298.4129,3.011783,"898.75",0.00301178,rTSLA,100202
2026-07-30 19:00:00,rPLTR/USDT,Sell,120.9608,23.048851,"2788.01",2.788008,USDT,100203
2026-07-30 21:00:00,rSPY/USDT,Buy,734.7041,4.772424,"3506.32",0.00477242,rSPY,100204
2026-07-31 03:00:00,rCOIN/USDT,Sell,163.6887,8.691719,"1422.74",1.422736,USDT,100205
2026-07-31 18:00:00,rSPY/USDT,Sell,745.1718,4.772424,"3556.28",3.556276,USDT,100206
2026-08-01 13:00:00,rCOIN/USDT,Buy,146.3069,4.391955,"642.57",0.00439195,rCOIN,100207
2026-08-01 21:00:00,rCOIN/USDT,Sell,145.8145,4.391955,"640.41",0.640411,USDT,100208
2026-08-02 03:00:00,rCOIN/USDT,Buy,144.3866,24.590906,"3550.60",0.02459091,rCOIN,100209
2026-08-02 05:00:00,rTSLA/USDT,Sell,307.4651,3.011783,"926.02",0.926018,USDT,100210
2026-08-02 15:00:00,rPLTR/USDT,Buy,123.4878,5.549407,"685.28",0.00554941,rPLTR,100211
2026-08-02 20:00:00,rCOIN/USDT,Sell,146.8255,24.590906,"3610.57",3.610573,USDT,100212
2026-08-03 14:00:00,rPLTR/USDT,Sell,124.8253,5.549407,"692.71",0.692707,USDT,100213
2026-08-08 04:00:00,rPLTR/USDT,Buy,171.8101,4.395601,"755.21",0.00439560,rPLTR,100214
2026-08-08 23:00:00,rPLTR/USDT,Sell,172.6926,4.395601,"759.09",0.759088,USDT,100215
2026-08-13 16:00:00,rPLTR/USDT,Buy,170.1862,3.412296,"580.73",0.00341230,rPLTR,100216
2026-08-14 02:00:00,rPLTR/USDT,Sell,176.2243,3.412296,"601.33",0.601329,USDT,100217
2026-08-15 06:00:00,rSPY/USDT,Buy,776.4479,0.940828,"730.50",0.00094083,rSPY,100218
2026-08-15 12:00:00,rSPY/USDT,Sell,777.1751,0.940828,"731.19",0.731188,USDT,100219
2026-08-15 18:00:00,rCOIN/USDT,Buy,149.2998,12.091105,"1805.20",0.01209110,rCOIN,100220
2026-08-17 11:00:00,rCOIN/USDT,Sell,149.7059,12.091105,"1810.11",1.810110,USDT,100221
2026-08-19 10:00:00,rSPY/USDT,Buy,767.4679,1.146347,"879.78",0.00114635,rSPY,100222
2026-08-19 19:00:00,rSPY/USDT,Sell,767.2747,1.146347,"879.56",0.879563,USDT,100223
2026-08-19 21:00:00,rSPY/USDT,Buy,770.9576,5.590180,"4309.79",0.00559018,rSPY,100224
2026-08-19 22:00:00,rPLTR/USDT,Buy,171.3236,5.336268,"914.23",0.00533627,rPLTR,100225
2026-08-21 02:00:00,rTSLA/USDT,Buy,342.7159,2.580996,"884.55",0.00258100,rTSLA,100226
2026-08-21 16:00:00,rPLTR/USDT,Sell,173.9735,5.336268,"928.37",0.928369,USDT,100227
2026-08-22 13:00:00,rCOIN/USDT,Buy,191.1204,4.653043,"889.29",0.00465304,rCOIN,100228
2026-08-22 17:00:00,rTSLA/USDT,Sell,360.9704,2.580996,"931.66",0.931663,USDT,100229
2026-08-23 07:00:00,rTSLA/USDT,Buy,361.4112,1.661180,"600.37",0.00166118,rTSLA,100230
2026-08-23 09:00:00,rCOIN/USDT,Sell,189.3345,4.653043,"880.98",0.880982,USDT,100231
2026-08-23 10:00:00,rTSLA/USDT,Sell,361.8936,1.661180,"601.17",0.601170,USDT,100232
2026-08-23 10:00:00,rTSLA/USDT,Buy,362.0853,4.896379,"1772.91",0.00489638,rTSLA,100233
2026-08-23 16:00:00,rTSLA/USDT,Sell,361.2693,4.896379,"1768.91",1.768912,USDT,100234
2026-08-23 22:00:00,rSPY/USDT,Sell,767.5908,5.590180,"4290.97",4.290971,USDT,100235
2026-08-24 00:00:00,rSPY/USDT,Buy,768.2981,1.197960,"920.39",0.00119796,rSPY,100236
2026-08-24 20:00:00,rPLTR/USDT,Buy,178.9385,4.662776,"834.35",0.00466278,rPLTR,100237
2026-08-25 15:00:00,rSPY/USDT,Sell,765.2474,1.197960,"916.74",0.916736,USDT,100238
2026-08-25 18:00:00,rPLTR/USDT,Sell,176.8894,4.662776,"824.80",0.824796,USDT,100239
2026-08-25 19:00:00,rSPY/USDT,Buy,766.3513,2.064813,"1582.37",0.00206481,rSPY,100240
2026-08-25 21:00:00,rPLTR/USDT,Buy,175.3419,18.780338,"3292.98",0.01878034,rPLTR,100241
2026-08-26 04:00:00,rSPY/USDT,Sell,765.6889,2.064813,"1581.00",1.581004,USDT,100242
2026-08-26 07:00:00,rSPY/USDT,Buy,765.7009,1.300524,"995.81",0.00130052,rSPY,100243
2026-08-26 21:00:00,rSPY/USDT,Sell,764.7558,1.300524,"994.58",0.994583,USDT,100244
2026-08-26 23:00:00,rPLTR/USDT,Sell,174.6492,18.780338,"3279.97",3.279971,USDT,100245
2026-08-27 00:00:00,rSPY/USDT,Buy,765.3885,2.179672,"1668.30",0.00217967,rSPY,100246
2026-08-27 01:00:00,rPLTR/USDT,Buy,174.9213,6.218027,"1087.67",0.00621803,rPLTR,100247
2026-08-27 08:00:00,rPLTR/USDT,Sell,178.2759,6.218027,"1108.52",1.108524,USDT,100248
2026-08-27 16:00:00,rSPY/USDT,Sell,769.0819,2.179672,"1676.35",1.676346,USDT,100249
2026-08-29 04:00:00,rCOIN/USDT,Buy,178.6182,7.397366,"1321.30",0.00739737,rCOIN,100250
2026-08-29 17:00:00,rTSLA/USDT,Buy,349.1704,1.555074,"542.99",0.00155507,rTSLA,100251
2026-08-30 21:00:00,rTSLA/USDT,Sell,351.0449,1.555074,"545.90",0.545901,USDT,100252
2026-08-31 08:00:00,rCOIN/USDT,Sell,178.7664,7.397366,"1322.40",1.322400,USDT,100253
2026-08-31 14:00:00,rPLTR/USDT,Buy,184.3119,14.910011,"2748.09",0.01491001,rPLTR,100254
2026-09-01 00:00:00,rTSLA/USDT,Buy,365.5638,2.053603,"750.72",0.00205360,rTSLA,100255
2026-09-01 09:00:00,rTSLA/USDT,Sell,366.8255,2.053603,"753.31",0.753314,USDT,100256
2026-09-02 00:00:00,rPLTR/USDT,Sell,183.3269,14.910011,"2733.41",2.733407,USDT,100257
2026-09-03 22:00:00,rCOIN/USDT,Buy,186.2190,9.180117,"1709.51",0.00918012,rCOIN,100258
2026-09-05 00:00:00,rCOIN/USDT,Sell,185.6997,9.180117,"1704.74",1.704745,USDT,100259
2026-09-05 00:00:00,rCOIN/USDT,Buy,185.7626,3.939200,"731.76",0.00393920,rCOIN,100260
2026-09-05 05:00:00,rCOIN/USDT,Sell,184.7578,3.939200,"727.80",0.727798,USDT,100261
2026-09-05 05:00:00,rCOIN/USDT,Buy,184.8141,8.751017,"1617.31",0.00875102,rCOIN,100262
2026-09-05 09:00:00,rTSLA/USDT,Buy,353.4405,6.132648,"2167.53",0.00613265,rTSLA,100263
2026-09-05 21:00:00,rCOIN/USDT,Sell,185.1559,8.751017,"1620.30",1.620302,USDT,100264
2026-09-05 21:00:00,rTSLA/USDT,Sell,355.1629,6.132648,"2178.09",2.178089,USDT,100265
2026-09-06 01:00:00,rCOIN/USDT,Buy,185.4120,4.676633,"867.10",0.00467663,rCOIN,100266
2026-09-06 07:00:00,rCOIN/USDT,Sell,185.2334,4.676633,"866.27",0.866268,USDT,100267
2026-09-06 10:00:00,rPLTR/USDT,Buy,175.4893,10.323706,"1811.70",0.01032371,rPLTR,100268
2026-09-06 15:00:00,rPLTR/USDT,Sell,175.4336,10.323706,"1811.13",1.811125,USDT,100269
2026-09-06 17:00:00,rCOIN/USDT,Buy,185.7322,7.757964,"1440.90",0.00775796,rCOIN,100270
2026-09-07 00:00:00,rPLTR/USDT,Buy,175.5764,11.939176,"2096.24",0.01193918,rPLTR,100271
2026-09-07 15:00:00,rCOIN/USDT,Sell,185.6492,7.757964,"1440.26",1.440260,USDT,100272
2026-09-07 19:00:00,rPLTR/USDT,Sell,175.1467,11.939176,"2091.11",2.091107,USDT,100273
2026-09-07 20:00:00,rCOIN/USDT,Buy,185.7822,15.719653,"2920.43",0.01571965,rCOIN,100274
2026-09-08 01:00:00,rPLTR/USDT,Buy,176.9273,9.164232,"1621.40",0.00916423,rPLTR,100275
2026-09-08 10:00:00,rCOIN/USDT,Sell,185.3127,15.719653,"2913.05",2.913052,USDT,100276
2026-09-09 10:00:00,rPLTR/USDT,Sell,171.1870,9.164232,"1568.80",1.568797,USDT,100277
2026-09-09 15:00:00,rPLTR/USDT,Buy,170.9715,15.691225,"2682.75",0.01569123,rPLTR,100278
2026-09-10 02:00:00,rPLTR/USDT,Sell,170.6393,15.691225,"2677.54",2.677539,USDT,100279
2026-09-10 06:00:00,rSPY/USDT,Buy,762.8314,1.975251,"1506.78",0.00197525,rSPY,100280
2026-09-10 19:00:00,rSPY/USDT,Sell,762.7648,1.975251,"1506.65",1.506652,USDT,100281
2026-09-11 01:00:00,rTSLA/USDT,Buy,365.8983,1.813782,"663.66",0.00181378,rTSLA,100282
2026-09-14 06:00:00,rTSLA/USDT,Sell,362.5773,1.813782,"657.64",0.657636,USDT,100283
2026-09-14 10:00:00,rTSLA/USDT,Buy,361.0117,3.438189,"1241.23",0.00343819,rTSLA,100284
2026-09-15 09:00:00,rTSLA/USDT,Sell,359.7540,3.438189,"1236.90",1.236903,USDT,100285
2026-09-16 00:00:00,rSPY/USDT,Buy,757.4272,2.069155,"1567.23",0.00206916,rSPY,100286
2026-09-16 19:00:00,rPLTR/USDT,Buy,172.5296,5.592373,"964.85",0.00559237,rPLTR,100287
2026-09-17 04:00:00,rPLTR/USDT,Sell,174.2674,5.592373,"974.57",0.974568,USDT,100288
2026-09-17 18:00:00,rSPY/USDT,Sell,759.9427,2.069155,"1572.44",1.572439,USDT,100289
2026-09-18 03:00:00,rTSLA/USDT,Buy,366.9286,1.824489,"669.46",0.00182449,rTSLA,100290
2026-09-18 12:00:00,rSPY/USDT,Buy,761.8859,0.803093,"611.87",0.00080309,rSPY,100291
2026-09-19 18:00:00,rPLTR/USDT,Buy,177.5892,5.002886,"888.46",0.00500289,rPLTR,100292
2026-09-20 10:00:00,rPLTR/USDT,Sell,177.5537,5.002886,"888.28",0.888281,USDT,100293
2026-09-20 13:00:00,rPLTR/USDT,Buy,177.7130,12.603529,"2239.81",0.01260353,rPLTR,100294
2026-09-20 21:00:00,rTSLA/USDT,Sell,364.0992,1.824489,"664.30",0.664295,USDT,100295
2026-09-21 02:00:00,rPLTR/USDT,Sell,177.4732,12.603529,"2236.79",2.236789,USDT,100296
2026-09-21 02:00:00,rTSLA/USDT,Buy,364.5164,8.763099,"3194.29",0.00876310,rTSLA,100297
2026-09-21 08:00:00,rPLTR/USDT,Buy,177.7526,10.283669,"1827.95",0.01028367,rPLTR,100298
2026-09-22 04:00:00,rTSLA/USDT,Sell,375.2628,8.763099,"3288.47",3.288465,USDT,100299
2026-09-22 04:00:00,rPLTR/USDT,Sell,183.0036,10.283669,"1881.95",1.881949,USDT,100300
2026-09-25 10:00:00,rCOIN/USDT,Buy,199.5805,3.395255,"677.63",0.00339525,rCOIN,100301
2026-09-25 13:00:00,rTSLA/USDT,Buy,379.1846,1.132456,"429.41",0.00113246,rTSLA,100302
2026-09-25 15:00:00,rCOIN/USDT,Sell,198.0216,3.395255,"672.33",0.672334,USDT,100303
2026-09-25 18:00:00,rCOIN/USDT,Buy,199.4388,8.961413,"1787.25",0.00896141,rCOIN,100304
2026-09-26 07:00:00,rSPY/USDT,Sell,772.0654,0.803093,"620.04",0.620040,USDT,100305
2026-09-26 14:00:00,rCOIN/USDT,Sell,194.5772,8.961413,"1743.69",1.743687,USDT,100306
2026-09-26 16:00:00,rSPY/USDT,Buy,772.4350,3.079152,"2378.44",0.00307915,rSPY,100307
2026-09-28 19:00:00,rSPY/USDT,Sell,766.9678,3.079152,"2361.61",2.361610,USDT,100308
2026-09-29 02:00:00,rTSLA/USDT,Sell,359.2185,1.132456,"406.80",0.406799,USDT,100309
2026-09-30 18:00:00,rCOIN/USDT,Buy,191.5721,2.913989,"558.24",0.00291399,rCOIN,100310
